RMSE,MAE,R2
17.922944509047767,12.707749207335452,0.48803306225377074
