Accuracy,Precision,Recall,F1,AUC
0.1864406779661017,0.9583333333333334,0.13855421686746988,0.24210526315789474,0.5238225629791895
