,RMSE,MAE,R2
xgboost,4.505923974695996,3.167509347648792,0.9676413112195994
random_forest,5.268960830440812,3.38376766708963,0.9557540896209393
knn,17.922944509047767,12.707749207335452,0.48803306225377074
