RMSE,MAE,R2
5.268960830440812,3.38376766708963,0.9557540896209393
