Accuracy,Precision,Recall,F1,AUC
0.23163841807909605,1.0,0.18072289156626506,0.30612244897959184,0.5903614457831325
