{
  "linear_regression_vs_knn": {
    "t_statistic": -7.389941663397571,
    "p_value": 5.596882319373412e-12,
    "significant": true
  },
  "linear_regression_vs_random_forest": {
    "t_statistic": -5.401090499078035,
    "p_value": 2.111869182535089e-07,
    "significant": true
  },
  "linear_regression_vs_xgboost": {
    "t_statistic": -5.420387398887029,
    "p_value": 1.925392200894312e-07,
    "significant": true
  },
  "linear_regression_vs_ann": {
    "t_statistic": -58.99595540778381,
    "p_value": 2.4635950926383093e-118,
    "significant": true
  },
  "knn_vs_random_forest": {
    "t_statistic": 19.085876213704218,
    "p_value": 7.954544240547843e-45,
    "significant": true
  },
  "knn_vs_xgboost": {
    "t_statistic": 17.669775275976903,
    "p_value": 6.27962136460097e-41,
    "significant": true
  },
  "knn_vs_ann": {
    "t_statistic": -110.90311790607194,
    "p_value": 1.6665824538315918e-165,
    "significant": true
  },
  "random_forest_vs_xgboost": {
    "t_statistic": 0.7105224409171376,
    "p_value": 0.4783153641572533,
    "significant": false
  },
  "random_forest_vs_ann": {
    "t_statistic": -112.66976249329193,
    "p_value": 1.0564278047403405e-166,
    "significant": true
  },
  "xgboost_vs_ann": {
    "t_statistic": -112.00924762600778,
    "p_value": 2.948442510365276e-166,
    "significant": true
  }
}