Accuracy,Precision,Recall,F1,AUC
0.2542372881355932,1.0,0.20481927710843373,0.34,0.6024096385542168
