Accuracy,Precision,Recall,F1,AUC
0.23728813559322035,1.0,0.18674698795180722,0.3147208121827411,0.5933734939759037
