RMSE,MAE,R2
4.505923974695996,3.167509347648792,0.9676413112195994
